untitled-317.shtml	-Of The Dolours Of Mary
untitled-561.shtml	-The Immaculate Conception
untitled-327.shtml	-Our Lady's Assumption
untitled-530.shtml	-The Dogma of the Assumption
untitled-05.shtml	-A Novena Of The Holy Spirit
untitled-211.shtml	-How To Pray At All Times
untitled-562.shtml	-The Importance of Silence
untitled-584.shtml	-The Mother Of Our Lady
untitled-309.shtml	-Novena To Saint Anne
untitled-479.shtml	-The Adventurous Nun
untitled-375.shtml	-The Life Of Saint Anthony
untitled-421.shtml	-Saint Anthony And You
untitled-310.shtml	-Novena To Saint Anthony
untitled-422.shtml	-Saint Augustine, Bishop Of Hippo
untitled-423.shtml	-Saint Benedict, Abbot
untitled-397.shtml	-St. Bernadette (bio.)
untitled-424.shtml	-Saint Bernard, Abbot Of Clairvaux
untitled-398.shtml	-St. Brigid (bio.)
untitled-447.shtml	-Saint Cajetan or Gaetano, Conf.
untitled-399.shtml	-St. Camillus De Lellis (bio.)
untitled-450.shtml	-Saint Cataldus
untitled-524.shtml	-The Dauntless Virgin of Siena (bio.)
untitled-425.shtml	-Saint Clare Of Assisi
untitled-426.shtml	-Saint Clement Mary Hofbauer, C.SS.R.
untitled-427.shtml	-Saint Dominic, Confessor
untitled-400.shtml	-St. Dominic Savio (bio.)
untitled-130.shtml	-Saint Dymphna
untitled-451.shtml	-Saint Edith Stein
untitled-401.shtml	-St. Edmund Campion (bio.)
untitled-452.shtml	-Saint Elizabeth of Hungary
untitled-144.shtml	-Eugene de Mazenod
untitled-574.shtml	-The Martyrdom Of Saint Perpetua And Felicitas And Their Companions
untitled-429.shtml	-Saint Francis Of Assisi (bio.)
untitled-428.shtml	-St. Francis de Sales (bio.)
untitled-430.shtml	-Saint Francis Xavier, S.J.
untitled-431.shtml	-St. Gemma Galgani
untitled-585.shtml	-The Mothers' Saint
untitled-432.shtml	-Saint Gertrude
untitled-433.shtml	-Saint Gregory Nazianzen, B.C.
untitled-434.shtml	-St. Ignatius Of Loyola (bio.)
untitled-439.shtml	-Saint John The Baptist
untitled-570.shtml	-The Life Of Saint John Berchmans, S.J. 
untitled-435.shtml	-Saint John Bosco
untitled-436.shtml	-Saint John Fisher
untitled-437.shtml	-Saint John Francis Regis
untitled-438.shtml	-Saint John Of God 
untitled-402.shtml	-St. Jean (John) Vianney Cure Of Ars
untitled-624.shtml	-The Sermons of St. John Mary Vianney #1
untitled-625.shtml	-The Sermons of St. John Mary Vianney #2
untitled-626.shtml	-The Sermons of St. John Mary Vianney #3
untitled-627.shtml	-The Sermons of St. John Mary Vianney #4
untitled-628.shtml	-The Sermons of St. John Mary Vianney #5
untitled-629.shtml	-The Sermons of St. John Mary Vianney #6
untitled-630.shtml	-The Sermons of St. John Mary Vianney #7
untitled-631.shtml	-The Sermons of St. John Mary Vianney #8
untitled-403.shtml	-St. Joseph (comentary)
untitled-440.shtml	-St. Joseph's Apostolic Work 
untitled-441.shtml	-St. Joseph's Titles
untitled-442.shtml	-St. Joseph's Virtues
untitled-454.shtml	-St. Joseph's Dignity And Spirtual Greatness
untitled-404.shtml	-St. Joseph's Novena And Prayers
untitled-453.shtml	-Saint Joseph Cafasso
untitled-448.shtml	-Saint Joseph Calasanctius
untitled-405.shtml	-St. Jude Helper In Great Need
untitled-664.shtml	-Thoughts For The Christmas Season
untitled-443.shtml	-Saint Louis IX, King Of France, Conf.
untitled-406.shtml	-St. Louise de Marillac (bio.)
untitled-407.shtml	-St. Lucy (bio. and prayers)
untitled-408.shtml	-Saint Margaret Clitherow
untitled-456.shtml	-Saint Margaret Of Cortona
untitled-455.shtml	-Saint Margaret Mary Alacoque
untitled-409.shtml	-Saint Martin Of Tours
untitled-444.shtml	-Saint Mary Euphrasia Pelletier
untitled-410.shtml	-Saint Mary Magadalen
untitled-411.shtml	-Saint Mary Mazzarello
untitled-272.shtml	-Saint Mary Mckillop
untitled-445.shtml	-Saint Maximillian Kolbe
untitled-331.shtml	-Saint Padre Pio
untitled-457.shtml	-St. Pascal Baylon
untitled-412.shtml	-Saint Patrick (bio.)
untitled-125.shtml	-Saint Peregrine, the Cancer Saint
untitled-574.shtml	-The Martyrdom Of Saint Perpetua And Felicitas And Their Companions
untitled-413.shtml	-Saint Peter Aloysius Chanel
untitled-609.shtml	-The Real Presence
untitled-446.shtml	-Saint Philip Benizi, Conf.
untitled-465.shtml	-Saint  Philip Neri
untitled-414.shtml	-Saint Philomena
untitled-415.shtml	-Saint Pius V
untitled-416.shtml	-Saint Pius X Scourge Of Modernism
untitled-460.shtml	-Saint Pius X Pope Of The Eucharist
untitled-449.shtml	-Saint Raymond Nonnatus
untitled-417.shtml	-Saint Rita
untitled-129.shtml	-Saint Rita Of Cascia
untitled-644.shtml	-Poet, Priest And Martyr
untitled-418.shtml	-Saint Rose Of Lima
untitled-461.shtml	-Saint Stanislaus Kostka
untitled-419.shtml	-Saint Teresa Of Avila (bio.)
untitled-462.shtml	-Saint Thomas More
untitled-463.shtml	-Saint Vincent Palotti
untitled-420.shtml	-Saint Vincent Strambi, C.P.
untitled-464.shtml	-Saint Wenceslas
